question_id,n_noise,total_chunks,noise_ratio,reference_answer,generated_answer,token_f1,semantic_similarity
q_1452,0,2,0.0,"Initial triage reviewed dashboards and logs to reduce uncertainty. Use canary checks after applying changes, and prefer reversible actions under high uncertainty.","Recommended mitigation approach:

- After applying changes, run **canary checks** to validate the fix in a small, controlled environment.  
- When uncertainty is high, prefer **reversible actions** so that any unintended impact can be quickly undone.  
- **Document the outcomes** of the canary test and the change, and share a concise incident summary with stakeholders for visibility.  
- During initial triage, review dashboards and logs to reduce uncertainty and confirm that the root cause (dependency_timeout) has been addressed.",0.3958333333333333,0.6132798194885254
q_1452,1,3,0.3333333333333333,"Initial triage reviewed dashboards and logs to reduce uncertainty. Use canary checks after applying changes, and prefer reversible actions under high uncertainty.","The recommended mitigation approach is to **apply reversible changes and run canary checks** after any deployment, while closely monitoring for **dependency‑timeout** issues that caused the incident. Document the outcomes and share a concise incident summary for stakeholders.",0.26666666666666666,0.5390409231185913
q_1452,2,4,0.5,"Initial triage reviewed dashboards and logs to reduce uncertainty. Use canary checks after applying changes, and prefer reversible actions under high uncertainty.","The recommended mitigation approach is to **apply changes in a canary‑style rollout, prefer reversible actions when uncertainty is high, and then document and share the outcomes**. This includes reviewing dashboards and logs to reduce uncertainty, performing canary checks after deployment, and providing a concise incident summary for stakeholders.",0.45070422535211263,0.7241594791412354
q_1452,4,6,0.6666666666666666,"Initial triage reviewed dashboards and logs to reduce uncertainty. Use canary checks after applying changes, and prefer reversible actions under high uncertainty.","The recommended mitigation approach is to **apply changes under a canary‑check regime, favor reversible actions when uncertainty is high, and then document the outcomes and share a concise incident summary with stakeholders**.",0.36363636363636365,0.6349025964736938
q_1335,0,1,0.0,"Acknowledge within 10 minutes, mitigation within 60 minutes.",The evidence provided does not include any information about the acknowledge or mitigation targets for Severity 4 incidents.,0.15384615384615383,0.31648528575897217
q_1335,1,2,0.5,"Acknowledge within 10 minutes, mitigation within 60 minutes.","The evidence provided does not include any information about the acknowledge or mitigation targets for Severity 4 incidents. Therefore, I cannot answer the question based on the given sources.",0.1081081081081081,0.4587894678115845
q_1335,2,3,0.6666666666666666,"Acknowledge within 10 minutes, mitigation within 60 minutes.",The provided evidence does not contain any information about the acknowledge or mitigation targets for Severity 4 incidents.,0.15384615384615383,0.2815423309803009
q_1335,4,5,0.8,"Acknowledge within 10 minutes, mitigation within 60 minutes.",The provided evidence does not contain any information about the acknowledge and mitigation targets for Severity 4 incidents.,0.15384615384615383,0.30103713274002075
q_1762,0,1,0.0,Initial triage reviewed dashboards and logs to reduce uncertainty,The incident was caused by a **token_validation_bug**.,0.0,0.12720361351966858
q_1762,1,2,0.5,Initial triage reviewed dashboards and logs to reduce uncertainty,The incident was caused by a **token_validation_bug**.,0.0,0.12720361351966858
q_1762,2,3,0.6666666666666666,Initial triage reviewed dashboards and logs to reduce uncertainty,"The evidence provided does not contain any information about an EU payment_failure incident report dated 2026‑06‑20. Therefore, I cannot provide the requested key detail.",0.0,0.16047067940235138
q_1762,4,5,0.8,Initial triage reviewed dashboards and logs to reduce uncertainty,The EU payment_failure incident on 2026‑06‑20 was classified as **severity 1**.,0.0,0.18822500109672546
q_1736,0,1,0.0,Initial triage reviewed dashboards and logs to reduce uncertainty,"The incident was caused by **capacity saturation**, as identified in the root‑cause analysis.",0.0,0.18086349964141846
q_1736,1,2,0.5,Initial triage reviewed dashboards and logs to reduce uncertainty,The APAC auth_failure incident on 2025‑11‑06 was primarily caused by **capacity saturation**.,0.0,0.12563331425189972
q_1736,2,3,0.6666666666666666,Initial triage reviewed dashboards and logs to reduce uncertainty,The incident was caused by **capacity saturation**. Initial triage involved reviewing dashboards and logs to reduce uncertainty before the root‑cause analysis identified capacity saturation as the primary driver.,0.42105263157894735,0.41034772992134094
q_1736,4,5,0.8,Initial triage reviewed dashboards and logs to reduce uncertainty,The incident was caused by capacity saturation.,0.0,0.1689831018447876
q_1577,0,1,0.0,"Acknowledge within 10 minutes, mitigation within 60 minutes.",The provided evidence does not contain information about the acknowledge or mitigation targets for Severity 4 incidents.,0.15999999999999998,0.31188803911209106
q_1577,1,2,0.5,"Acknowledge within 10 minutes, mitigation within 60 minutes.",The provided evidence does not include the acknowledge and mitigation targets for Severity 4 incidents.,0.1739130434782609,0.3702368140220642
q_1577,2,3,0.6666666666666666,"Acknowledge within 10 minutes, mitigation within 60 minutes.",The provided evidence does not include any information about the acknowledge or mitigation targets for Severity 4 incidents.,0.15384615384615383,0.303343266248703
q_1577,4,5,0.8,"Acknowledge within 10 minutes, mitigation within 60 minutes.","The provided evidence does not include any information about the acknowledge or mitigation targets for Severity 4 incidents. Therefore, I cannot answer the question based on the given sources.",0.1081081081081081,0.461514949798584
q_1111,0,1,0.0,7 or suspicious activity is confirmed,"The evidence provided does not contain any information about credential stuffing patterns. Therefore, I cannot summarize a key point from that topic.",0.0,0.22796788811683655
q_1111,1,2,0.5,7 or suspicious activity is confirmed,"The advisory highlights that credential‑stuffing attacks can be identified by recurring patterns: repeated login failures, a spread of distributed IP addresses, and abnormal device fingerprints.",0.0,0.3949347734451294
q_1111,2,3,0.6666666666666666,7 or suspicious activity is confirmed,"The advisory notes that credential‑stuffing attacks can be detected by looking for three recurring signals: repeated login failures, a spread of login attempts across many different IP addresses, and abnormal or inconsistent device fingerprints.",0.048780487804878044,0.43371129035949707
q_1111,4,5,0.8,7 or suspicious activity is confirmed,"The advisory highlights that credential‑stuffing attacks can be identified by three main signals: repeated login failures, a wide distribution of IP addresses, and abnormal device fingerprints.",0.0,0.4086498022079468
q_1595,0,1,0.0,"The streaming platform consists of core services including Search, Billing, Recommendations, Observability","The architecture note highlights that the streaming platform’s core services are **Search, Billing, Recommendations, and Observability**. Requests are routed from edge caches to regional clusters, where automated health checks monitor service availability.",0.39999999999999997,0.8744666576385498
q_1595,1,2,0.5,"The streaming platform consists of core services including Search, Billing, Recommendations, Observability","The architecture centers on a set of core services—Billing, Search, and Recommendations (with either Playback API or Observability as the fourth component)—and routes all requests from edge caches to regional clusters that perform automated health checks.",0.32,0.625910758972168
q_1595,2,3,0.6666666666666666,"The streaming platform consists of core services including Search, Billing, Recommendations, Observability","The architecture note highlights that the streaming platform’s core services are **Search, Billing, Recommendations, and Observability**. All requests travel from edge caches to regional clusters, where automated health checks are performed.",0.4090909090909091,0.8700014352798462
q_1595,4,5,0.8,"The streaming platform consists of core services including Search, Billing, Recommendations, Observability","The architecture note emphasizes that the streaming platform’s core services are **Search, Billing, Recommendations, and Observability**. It also notes that all requests travel from edge caches to regional clusters, where automated health checks are performed.",0.375,0.838494062423706
q_0531,0,1,0.0,This cdn_config_note provides operational guidance for streaming systems,The key point is that the CDN config note offers operational guidance for streaming systems.,0.43478260869565216,0.9207234382629395
q_0531,1,2,0.5,This cdn_config_note provides operational guidance for streaming systems,The key point is that the CDN configuration note offers operational guidance for streaming systems.,0.43478260869565216,0.9021414518356323
q_0531,2,3,0.6666666666666666,This cdn_config_note provides operational guidance for streaming systems,The Cdn Config Note offers operational guidance for streaming systems.,0.5555555555555556,0.9594060778617859
q_0531,4,5,0.8,This cdn_config_note provides operational guidance for streaming systems,The Cdn Config Note offers operational guidance for streaming systems.,0.5555555555555556,0.9594060778617859
q_0652,0,1,0.0,"Recommended actions include rate limiting, freezing deployments during active investigation, and rotating keys","The advisory recommends the following key actions:  
- **Rate‑limit** traffic.  
- **Freeze deployments** while an active investigation is underway.  
- **Rotate keys**.  
- **Escalate** to the security response team whenever the risk level exceeds 0.",0.26666666666666666,0.8014305233955383
q_0652,1,2,0.5,"Recommended actions include rate limiting, freezing deployments during active investigation, and rotating keys","The advisory notes that credential‑stuffing attacks are identified by **repeated login failures, distributed IP addresses, and abnormal device fingerprints**.",0.060606060606060615,0.22589585185050964
q_0652,2,3,0.6666666666666666,"Recommended actions include rate limiting, freezing deployments during active investigation, and rotating keys","The advisory notes that credential‑stuffing attacks show recurring patterns, with key signals being repeated login failures, distributed IP addresses, and abnormal device fingerprints.",0.05405405405405406,0.23815834522247314
q_0652,4,5,0.8,"Recommended actions include rate limiting, freezing deployments during active investigation, and rotating keys","The advisory identifies credential‑stuffing attacks by the following signals: **repeated login failures, distributed IP addresses, and abnormal device fingerprints**【doc_0278_chunk_1】【doc_0939_chunk_1】【doc_0135_chunk_1】【doc_0015_chunk_1】.",0.05405405405405406,0.26076287031173706
q_0820,0,1,0.0,Mitigation included rollback and validation via canary traffic,The key point is that a fast rollback combined with targeted rate‑limiting can reduce customer impact during peak load.,0.07142857142857144,0.43946611881256104
q_0820,1,2,0.5,Mitigation included rollback and validation via canary traffic,"The report’s main takeaway is that a rapid rollback combined with targeted rate‑limiting—validated through canary traffic—significantly lessens customer impact during peak load. It also notes that safe mitigations, verification steps, and post‑incident follow‑up actions were documented to prevent recurrence.",0.1509433962264151,0.6992449164390564
q_0820,2,3,0.6666666666666666,Mitigation included rollback and validation via canary traffic,"The report’s main takeaway is that a rapid rollback combined with targeted rate‑limiting during peak load effectively reduces customer impact. It also notes that safe mitigations and verification steps were employed, and post‑incident actions included follow‑up items and prevention controls.",0.11538461538461538,0.5380406379699707
q_0820,4,5,0.8,Mitigation included rollback and validation via canary traffic,The key takeaway from the EU auth_failure incident report (2025‑02‑22) is that executing a fast rollback combined with targeted rate‑limiting during peak load significantly reduces customer impact.,0.052631578947368425,0.4762718975543976
q_0772,0,1,0.0,"Recommended actions include rate limiting, freezing deployments during active investigation, and rotating keys","The advisory recommends taking immediate defensive steps: apply rate limiting, freeze new deployments while the investigation is active, rotate any affected keys, and elevate the issue to the security response team whenever the assessed risk is greater than zero.",0.2692307692307692,0.7457301020622253
q_0772,1,2,0.5,"Recommended actions include rate limiting, freezing deployments during active investigation, and rotating keys","The advisory highlights that credential‑stuffing attacks can be detected by patterns such as repeated login failures, a wide spread of IP addresses, and abnormal device fingerprints. To mitigate these risks, it recommends actions including rate limiting, freezing deployments while an investigation is underway, rotating keys, and escalating to the security response team whenever the assessed risk is greater than zero.",0.24324324324324326,0.5149432420730591
q_0772,2,3,0.6666666666666666,"Recommended actions include rate limiting, freezing deployments during active investigation, and rotating keys","The advisory highlights that credential‑stuffing attacks are identified by a combination of repeated login failures, a wide spread of IP addresses, and unusual device fingerprints. To mitigate these attacks, it recommends implementing rate limiting, temporarily freezing deployments while an investigation is underway, rotating authentication keys, and escalating the issue to the security response team whenever the assessed risk is greater than zero.",0.21052631578947367,0.46830618381500244
q_0772,4,5,0.8,"Recommended actions include rate limiting, freezing deployments during active investigation, and rotating keys","The advisory highlights that credential‑stuffing attacks are identified by a combination of repeated login failures, a wide spread of IP addresses, and unusual device fingerprints. To mitigate these attacks, it recommends actions such as rate limiting, temporarily freezing deployments while an investigation is underway, rotating keys, and escalating the issue to the security response team whenever the assessed risk is greater than zero.",0.23376623376623376,0.49083787202835083
q_1879,0,2,0.0,"Initial triage reviewed dashboards and logs to reduce uncertainty. It discusses common failure modes, safe mitigations, and verification steps.","The incident was traced to the **cdn_cache_rule**.  
The recommended mitigation is to apply the **safe mitigations** outlined for that rule (e.g., adjust or disable the rule) and then **verify** the fix through dashboards and logs.",0.2545454545454545,0.25634127855300903
q_1879,1,3,0.3333333333333333,"Initial triage reviewed dashboards and logs to reduce uncertainty. It discusses common failure modes, safe mitigations, and verification steps.","The incident report recommends a multi‑step mitigation:

1. **Rate‑limit** traffic to the affected service.  
2. **Freeze new deployments** while the investigation is active.  
3. **Rotate any compromised keys** or credentials.  
4. **Address the identified root cause** – in this case the `cdn_cache_rule` that was found to be the primary driver of the incident.  

These actions should be followed by verification steps (as outlined in the operational notes) to confirm that the issue has been resolved.",0.0631578947368421,0.29760682582855225
q_1879,2,4,0.5,"Initial triage reviewed dashboards and logs to reduce uncertainty. It discusses common failure modes, safe mitigations, and verification steps.","The recommended mitigation approach is to **rate‑limit traffic, freeze deployments while the investigation is ongoing, rotate any compromised keys, and elevate the issue to the security response team when the risk level exceeds zero**.",0.07407407407407407,0.3235252797603607
q_1879,4,6,0.6666666666666666,"Initial triage reviewed dashboards and logs to reduce uncertainty. It discusses common failure modes, safe mitigations, and verification steps.","The recommended mitigation approach is to:

1. **Apply rate limiting** to curb the suspicious activity.  
2. **Freeze deployments** while the investigation is ongoing.  
3. **Rotate any affected keys** to invalidate compromised credentials.  
4. **Escalate to the security response team** whenever the assessed risk level exceeds zero.  

These actions are drawn from the incident report’s root‑cause analysis (cdn_cache_rule) and the operational guidance listed in the deployment log.",0.04597701149425287,0.32856088876724243
q_0916,0,1,0.0,Authentication tokens are validated before playback sessions are authorized,"The evidence provided does not cover the “Architecture note: Data Pipeline / Search / Billing / Recommendations,” so I cannot summarize that document.",0.0,0.021208107471466064
q_0916,1,2,0.5,Authentication tokens are validated before playback sessions are authorized,"The architecture note emphasizes that the streaming platform is built around four core services—Search, Billing, Data Pipeline, and Auth. Requests move from edge caches to regional clusters and are monitored by automated health checks. Before a playback session is authorized, authentication tokens are validated, and CDN cache rules play a role in hit‑ratio and latency during traffic bursts.",0.2318840579710145,0.4303278923034668
q_0916,2,3,0.6666666666666666,Authentication tokens are validated before playback sessions are authorized,"The architecture note highlights that the streaming platform’s core services—Data Pipeline, Search, Billing, Recommendations (along with Auth, CDN, and Observability)—handle all requests. Traffic enters from edge caches, is routed to regional clusters, and is monitored by automated health checks. Authentication tokens are validated before playback sessions are authorized, and CDN cache rules influence hit ratios and latency during traffic spikes.",0.25,0.4164191484451294
q_0916,4,5,0.8,Authentication tokens are validated before playback sessions are authorized,"The architecture note highlights that the streaming platform is built around a set of core services—Data Pipeline, Search, Billing, Auth, and Recommendations.  Traffic flows from edge caches to regional clusters, and automated health checks are in place to monitor and maintain service availability.",0.03773584905660377,0.17206066846847534
q_2016,0,1,0.0,"Recommended actions include rate limiting, freezing deployments during active investigation, and rotating keys","Recommended actions include rate limiting, freezing deployments during active investigation, and rotating keys.",1.0,0.9846428632736206
q_2016,1,2,0.5,"Recommended actions include rate limiting, freezing deployments during active investigation, and rotating keys","The advisory notes that credential‑stuffing attacks are identified by **repeated login failures, distributed IP addresses, and abnormal device fingerprints**.",0.060606060606060615,0.22589585185050964
q_2016,2,3,0.6666666666666666,"Recommended actions include rate limiting, freezing deployments during active investigation, and rotating keys","The advisory identifies recurring patterns of credential stuffing, with signals that include repeated login failures, distributed IP addresses, and abnormal device fingerprints.",0.1142857142857143,0.25353214144706726
q_2016,4,5,0.8,"Recommended actions include rate limiting, freezing deployments during active investigation, and rotating keys","The advisory notes that credential‑stuffing attacks are identified by **repeated login failures, distributed IP addresses, and abnormal device fingerprints**.",0.060606060606060615,0.22589585185050964
q_1877,0,1,0.0,"It discusses common failure modes, safe mitigations, and verification steps","The deployment log’s operational notes focus on identifying common failure modes, outlining safe mitigations, and detailing verification steps.",0.5517241379310345,0.7983616590499878
q_1877,1,2,0.5,"It discusses common failure modes, safe mitigations, and verification steps","The deployment log offers operational guidance for streaming systems, detailing common failure modes, safe mitigations, and verification steps.",0.5714285714285714,0.5908550024032593
q_1877,2,3,0.6666666666666666,"It discusses common failure modes, safe mitigations, and verification steps","The deployment log offers operational guidance for streaming systems, detailing common failure modes, safe mitigations, and verification steps.",0.5714285714285714,0.5908550024032593
q_1877,4,5,0.8,"It discusses common failure modes, safe mitigations, and verification steps","The deployment log offers operational guidance for streaming systems, outlining common failure modes, safe mitigations, and verification steps.",0.5714285714285714,0.5850846767425537
q_0938,0,1,0.0,"Recommended actions include rate limiting, freezing deployments during active investigation, and rotating keys","The advisory recommends the following key actions:  
- **Rate‑limit** traffic.  
- **Freeze deployments** while an active investigation is underway.  
- **Rotate keys**.  
- **Escalate** to the security response team when the risk level exceeds 0.",0.26666666666666666,0.8020918369293213
q_0938,1,2,0.5,"Recommended actions include rate limiting, freezing deployments during active investigation, and rotating keys","The advisory identifies recurring patterns of credential stuffing, with signals including repeated login failures, distributed IP addresses, and abnormal device fingerprints.",0.058823529411764705,0.25515133142471313
q_0938,2,3,0.6666666666666666,"Recommended actions include rate limiting, freezing deployments during active investigation, and rotating keys","The advisory notes that credential‑stuffing attacks show recurring patterns, with signals that include repeated login failures, distributed IP addresses, and abnormal device fingerprints.",0.10810810810810811,0.20414073765277863
q_0938,4,5,0.8,"Recommended actions include rate limiting, freezing deployments during active investigation, and rotating keys","The advisory notes that credential‑stuffing attacks are identified by **repeated login failures, distributed IP addresses, and abnormal device fingerprints**.",0.060606060606060615,0.22589585185050964
q_1563,0,1,0.0,"Acknowledge within 10 minutes, mitigation within 60 minutes.",The provided evidence does not contain information about the acknowledge or mitigation targets for Severity 4 incidents.,0.15999999999999998,0.31188803911209106
q_1563,1,2,0.5,"Acknowledge within 10 minutes, mitigation within 60 minutes.",The provided evidence does not include the acknowledge and mitigation targets for Severity 4 incidents.,0.1739130434782609,0.3702368140220642
q_1563,2,3,0.6666666666666666,"Acknowledge within 10 minutes, mitigation within 60 minutes.","The evidence provided does not include any information about the acknowledge or mitigation targets for Severity 4 incidents. Therefore, I cannot answer the question based on the supplied documents.",0.1081081081081081,0.4579121768474579
q_1563,4,5,0.8,"Acknowledge within 10 minutes, mitigation within 60 minutes.","The provided evidence does not contain any information about the acknowledge or mitigation targets for Severity 4 incidents. Therefore, I cannot answer the question based on the given sources.",0.1081081081081081,0.464707612991333
q_0180,0,1,0.0,Authentication tokens are validated before playback sessions are authorized,"The architecture note highlights that authentication tokens are checked before a playback session is authorized, and that CDN cache rules can impact hit ratio and latency during traffic bursts.",0.31578947368421056,0.731324315071106
q_0180,1,2,0.5,Authentication tokens are validated before playback sessions are authorized,"The architecture centers on a **Playback API** that is protected by **authentication‑token validation** before any playback session is authorized.  Traffic is routed from **edge caches** to **regional clusters** where automated health checks keep services available.  The **CDN cache rules** are tuned to maximize hit ratio and keep latency low, especially during traffic bursts.  Together, these components (Playback API, CDN, Auth, Billing, and health‑check‑enabled routing) form the core of the observability‑ready, search‑capable data pipeline for the streaming platform.",0.10989010989010989,0.470180869102478
q_0180,2,3,0.6666666666666666,Authentication tokens are validated before playback sessions are authorized,"The architecture note emphasizes that the platform’s core services—Playback API, Data Pipeline, Auth (and related services such as Recommendations or Billing)—handle requests that travel from edge caches to regional clusters, with automated health checks ensuring reliability. Authentication tokens are validated before a playback session is authorized, and CDN cache rules directly affect hit‑ratio and latency during traffic bursts.",0.19718309859154928,0.5360106229782104
q_0180,4,5,0.8,Authentication tokens are validated before playback sessions are authorized,"The architecture note highlights that the streaming platform’s core services are built around a **Playback API** that is tightly coupled with **Observability** and a **Data Pipeline**.  

- **Authentication** is performed first: tokens are validated before any playback session is authorized.  
- **CDN cache rules** are tuned to maintain a high hit ratio and keep latency low, especially during traffic spikes.  
- All requests travel from **edge caches** to **regional clusters**, where automated health checks ensure service continuity.  

These elements together form the backbone of the platform’s observability, search, playback, and data‑processing capabilities.",0.15841584158415842,0.5012780427932739
q_1724,0,2,0.0,"Mitigation included rate_limit and validation via canary traffic. Recommended actions include rate limiting, freezing deployments during active investigation, and rotating keys.","The recommended mitigation approach combines the following actions:

1. **Rate‑limit authentication traffic** – apply targeted rate limiting to reduce impact during peak load.  
2. **Validate traffic with canary deployments** – use canary traffic to detect and isolate suspicious requests.  
3. **Fast rollback** – be prepared to roll back recent changes quickly if an attack is detected.  
4. **Freeze deployments during investigation** – pause new deployments while the incident is being analyzed.  
5. **Rotate credentials and keys** – regularly rotate API keys or credentials to limit the window of exploitation.  
6. **Escalate to the security response team** whenever the risk level exceeds zero.",0.2184873949579832,0.7778834104537964
q_1724,1,3,0.3333333333333333,"Mitigation included rate_limit and validation via canary traffic. Recommended actions include rate limiting, freezing deployments during active investigation, and rotating keys.","The recommended mitigation approach combines the lessons from the LATAM auth‑failure incident report and the credential‑stuffing advisory:

* **Apply rate limiting** – use general and targeted rate limits, especially during peak load, to curb repeated login attempts.  
* **Validate traffic with canary checks** – monitor a subset of traffic for abnormal patterns before fully enforcing limits.  
* **Freeze or pause deployments while investigating** – halt new releases until the root cause is understood.  
* **Rotate credentials and keys** – change authentication secrets to break attacker reuse.  
* **Escalate to the security response team** when the risk level exceeds zero.  

These steps together reduce customer impact, limit attacker success, and enable a rapid, coordinated response.",0.17187499999999997,0.6035748720169067
q_1724,2,4,0.5,"Mitigation included rate_limit and validation via canary traffic. Recommended actions include rate limiting, freezing deployments during active investigation, and rotating keys.","**Recommended mitigation approach**

- **Apply rate‑limiting** to all authentication endpoints (as shown in the LATAM incident report and the credential‑stuffing advisory).  
- **Validate traffic with canary checks** so that only legitimate requests are allowed while suspicious traffic is throttled.  
- **Perform a fast rollback** and use **targeted rate‑limiting** during peak load to reduce customer impact.  
- **Freeze new deployments** while an active investigation is underway, and **rotate any compromised keys**.  
- **Escalate to the security response team** whenever the risk score exceeds zero.  

These steps are triggered by the typical credential‑stuffing signals—repeated login failures, distributed IP addresses, and abnormal device fingerprints—identified in the advisory.",0.20634920634920637,0.7408639788627625
q_1724,4,6,0.6666666666666666,"Mitigation included rate_limit and validation via canary traffic. Recommended actions include rate limiting, freezing deployments during active investigation, and rotating keys.","The recommended mitigation approach combines the actions outlined in the LATAM auth‑failure incident report and the credential‑stuffing advisory:

* **Rate‑limit login attempts** – both documents list rate limiting as a primary defense.  
* **Freeze or pause deployments while the investigation is active** – the incident report notes “freezing deployments” and the advisory recommends the same.  
* **Rotate authentication keys or credentials** – the advisory explicitly recommends key rotation.  
* **Escalate to the security response team when the risk level exceeds zero** – this is stated in the advisory.  
* **Validate changes with canary traffic** – the post‑incident guidance includes canary traffic validation.  
* **Perform a fast rollback and apply targeted rate limiting** – the advisory highlights that quick rollback and focused rate limiting reduce customer impact during peak load.

In short, the mitigation strategy is to rate‑limit logins, pause deployments, rotate keys, elevate the issue to security response, use canary traffic for validation, and execute a rapid rollback with targeted rate limiting.",0.18181818181818182,0.7676876783370972
q_1473,0,1,0.0,"On 2024-08-25, the playback_error impacted the LATAM region with severity 3","The 2024‑08‑25 incident was a playback_error in the LATAM region, rated severity 3, that caused customers to experience buffering, retries, and higher error rates.",0.5128205128205128,0.8336526155471802
q_1473,1,2,0.5,"On 2024-08-25, the playback_error impacted the LATAM region with severity 3","The 2024‑08‑25 incident was a **playback_error** in the LATAM region, rated **severity 3**. Customers reported **buffering, retries, and elevated error rates**.",0.5555555555555555,0.8074595928192139
q_1473,2,3,0.6666666666666666,"On 2024-08-25, the playback_error impacted the LATAM region with severity 3","The 2024‑08‑25 incident was a **playback_error** that affected the LATAM region. It was rated **severity 3** and caused customers to experience **buffering, retries, and elevated error rates**.",0.47619047619047616,0.820259690284729
q_1473,4,5,0.8,"On 2024-08-25, the playback_error impacted the LATAM region with severity 3","On 2024‑08‑25 a **playback_error** occurred in the LATAM region.  
The incident was rated **severity 3** and customers reported **buffering, retries, and elevated error rates**.",0.5641025641025641,0.862896203994751