retrieval_method,n_noise,noise_ratio,metric,baseline_mean,noisy_mean,absolute_change,relative_change_pct,wilcoxon_stat,p_value,n,holm_p_value,significant_after_holm,rank_biserial_correlation
bm25,1,0.1666666666666666,token_f1,0.1328992814113481,0.14402230241870378,0.011123021007355682,8.369511775558706,29.0,0.24886387493792206,20,1.0,False,0.3626373626373626
bm25,1,0.1666666666666666,semantic_similarity,0.4387034770101309,0.3900188233703375,-0.04868465363979341,-11.097394069358867,64.0,0.13272666931152344,20,1.0,False,-0.3904761904761905
bm25,1,0.1666666666666666,latency_seconds,0.46281702518463136,0.43812242746353147,-0.024694597721099887,-5.335715061745726,96.0,0.7561664581298828,20,1.0,False,-0.08571428571428572
bm25,2,0.2857142857142857,token_f1,0.1328992814113481,0.15583293738217938,0.022933655970831274,17.2564183397255,26.0,0.17295491798842066,20,1.0,False,0.42857142857142855
bm25,2,0.2857142857142857,semantic_similarity,0.4387034770101309,0.40706570595502856,-0.03163777105510235,-7.2116526795550655,81.0,0.5731689736636651,20,1.0,False,-0.14736842105263157
bm25,2,0.2857142857142857,latency_seconds,0.46281702518463136,0.4945331931114197,0.03171616792678833,6.852852466725013,78.0,0.3299827575683594,20,1.0,False,0.2571428571428571
bm25,4,0.4444444444444444,token_f1,0.1328992814113481,0.1719706877911377,0.03907140637978959,29.399260827345103,42.0,0.3066241230648338,20,1.0,False,0.3
bm25,4,0.4444444444444444,semantic_similarity,0.4387034770101309,0.42315001748502257,-0.015553459525108337,-3.5453239694175394,67.0,0.16495704650878906,20,1.0,False,-0.3619047619047619
bm25,4,0.4444444444444444,latency_seconds,0.46281702518463136,0.4871234655380249,0.02430644035339352,5.25184663284523,89.0,0.5705966949462891,20,1.0,False,0.1523809523809524
dense,1,0.1666666666666666,token_f1,0.14260225524721323,0.13458514977465813,-0.008017105472555103,-5.622004686150834,20.0,0.7670968684102772,20,1.0,False,0.1111111111111111
dense,1,0.1666666666666666,semantic_similarity,0.41069003865122794,0.4060298681259155,-0.004660170525312424,-1.1347172043951133,50.0,0.5700608835629815,20,1.0,False,-0.16666666666666666
dense,1,0.1666666666666666,latency_seconds,0.40508742332458497,0.4742885112762451,0.06920108795166013,17.083000845526445,67.0,0.16495704650878906,20,1.0,False,0.3619047619047619
dense,2,0.2857142857142857,token_f1,0.14260225524721323,0.1545895662614119,0.01198731101419867,8.406116013675687,21.0,0.2860033840207056,20,1.0,False,0.36363636363636365
dense,2,0.2857142857142857,semantic_similarity,0.41069003865122794,0.42319541051983833,0.012505371868610393,3.0449659577037815,45.0,0.6377666989276032,20,1.0,False,0.14285714285714285
dense,2,0.2857142857142857,latency_seconds,0.40508742332458497,0.5096067190170288,0.10451929569244384,25.801663955559416,47.0,0.029575347900390625,20,0.7393836975097656,False,0.5523809523809524
dense,4,0.4444444444444444,token_f1,0.14260225524721323,0.15689517135333392,0.014292916106120684,10.022924308835572,50.0,0.35189835096211797,20,1.0,False,0.2647058823529412
dense,4,0.4444444444444444,semantic_similarity,0.41069003865122794,0.4534482479095459,0.04275820925831797,10.4113090735638,35.0,0.02783857455731481,20,0.7238029384901851,False,0.5906432748538012
dense,4,0.4444444444444444,latency_seconds,0.40508742332458497,0.5954321622848511,0.1903447389602661,46.988558024855855,25.0,0.001689910888671875,20,0.045627593994140625,True,0.7619047619047619
hybrid,1,0.1666666666666666,token_f1,0.17077905126996432,0.18796761301000328,0.017188561740038966,10.064795191342062,21.0,0.2860033840207056,20,1.0,False,0.36363636363636365
hybrid,1,0.1666666666666666,semantic_similarity,0.4409651767462492,0.4208256170153618,-0.02013955973088738,-4.5671542318808935,75.0,0.9433920568226559,20,1.0,False,-0.0196078431372549
hybrid,1,0.1666666666666666,latency_seconds,0.42480971813201907,0.47685426473617554,0.05204454660415647,12.251260831086372,51.0,0.04405403137207031,20,1.0,False,0.5142857142857142
hybrid,2,0.2857142857142857,token_f1,0.17077905126996432,0.1589203597261525,-0.011858691543811806,-6.943879507250458,40.0,0.700703412251682,20,1.0,False,0.12087912087912088
hybrid,2,0.2857142857142857,semantic_similarity,0.4409651767462492,0.4131876349449158,-0.027777541801333405,-6.2992597298262005,64.0,0.34904480845753494,20,1.0,False,-0.25146198830409355
hybrid,2,0.2857142857142857,latency_seconds,0.42480971813201907,0.5090000987052917,0.08419038057327266,19.818374434435285,61.0,0.10539817810058594,20,1.0,False,0.41904761904761906
hybrid,4,0.4444444444444444,token_f1,0.17077905126996432,0.17196790349912355,0.0011888522291592374,0.6961346958649641,19.0,0.11666446478102344,20,1.0,False,0.5128205128205128
hybrid,4,0.4444444444444444,semantic_similarity,0.4409651767462492,0.4419409852474928,0.0009758085012436246,0.22128924293837107,93.0,0.935845552197485,20,1.0,False,0.021052631578947368
hybrid,4,0.4444444444444444,latency_seconds,0.42480971813201907,0.5218862414360046,0.09707652330398553,22.851766134459485,63.0,0.1230926513671875,20,1.0,False,0.4